,,,,,,,,,,,,,,,,,,,,,,,,,,
RunNumber,Date,Start Time,End Time,Total Time (min),# of spills,part per spill,beam type,beam file,beam energy [GeV],number of evt.,Table position X [mm],Table position Y [mm?],Table Degree,SiPM Temp Start ,SiPM Temp End,cc1 (474) (bars),cc2 (537) (bars),cc3 (519) (bars) does not work,SiPM HV,edited by,Shifter(s),Notes,,,Error Run List,
1762,06/22,9:50 PM,10:05 PM,15 min,not set up,not set up,mu+,104,120,not set up,173.4,1464,,not set up,not set up,,not set up,not set up,not set up,GV,"GV, ZLG, MP",,,,#N/A,#N/A
1763,Jun 22,22:10,10:42 PM,32 min,not set up,not set up,pi+,95,80,not set up,210,1464,,not set up,not set up,,not set up,not set up,not set up,GV,"GV, ZLG, MP",file is 2026 FM 95,,,,
1764,Jun 22,10:43 PM,11:20 PM,38 min,not set up,not set up,pi+,95,80,35000,209.4,1345,,not set up,not set up,,not set up,not set up,not set up,GV,"GV, ZLG, MP",file is 2026 FM 95,,,,
1766,Jun 23,1:06 AM,1:34 AM,28 min,3,2000,pi+,99,160,150600,214.9,-1345,,18,18,0.025,Not working,0.235,28,MH,"MH, WJ, AS","Center of the detector. First pi+ energy in energy scan. Chrenkov Chamber 474 pressure does not go below .025 when trying to set at .005 bar.  Cherenkov Chamber 519 .226 and goes to .235
The expected cc pressure is in log book. Board 12 and 13 T is 21 C and 19 C respectivley. Highest of the boards",,,,
1767,Jun 23,1:44 AM,2:26 AM,40 min,3,2000,pi+,98,140,322326,214.9,-1345,,18,18,0.025,Not working,0.314,28,MH,"MH, WJ, AS",Center of detector. Boards 12 and 13 still hotter than the rest. Boards 10 and 11 are about 8 degrees  BEND.042.049 is going in and out being red,,,,
1768,Jun 23,2:33,2:58 AM,15 min,3,700,e+,81,140,101177,214.9,-1345,,18,18,0.025,Not working,0.316,28,MH,"MH, WJ, AS",e+ center of detector. Changed to e+ for sake of time when changing the cc. Will alternate pi+ and e+,,,,
1769,Jun 23,3:03 AM,3:25 AM,22 min,3,2400,pi+,97,120,211793,214.9,-1345,,18,18,0.025,Not working,0.448,28,WJ,"MH, WJ, AS",Center of detector. pi+ with new cc pressure,,,,
1770,Jun 23,3:27 AM,4:20 AM,53 min,3,1000,e+,79,120,202136,214.9,-1345,,18,19,0.025,Not working,0.448,28,MH,"MH, WJ, AS","Center of detector. PSB ring down, less intensity. Lots of muon contamination in this beam so will take more events",,,,
1771,Jun 23,4:26,4:38 AM,12 min,3,,pi+,96,100,113174,214.9,-1345,,16,16,0.025,Not working,0.66,28,MH,"MH, WJ, AS",Center of detector. PSB ring down,,,,
1772,Jun 23,4:44,5:18 AM,34 min,1,500,e+,77,100,103372,214.9,-1345,,16,16,0.025,Not working,0.66,28,MH,"MH, WJ, AS",Center of detector. PSB ring down,,,,
1773,Jun 23,5:25 AM,5:44 AM,19 min,3,1800,pi+,95,80,151980,214.9,-1345,,14,14,0.025,Not working,0.895,28,MH,"MH, WJ, AS",Center of detector. PSB ring down. Beam spot is much larger for e+ so will just do pi+ until PSB is back,,,,
1774,Jun 23,6:02 AM,6:31 AM,29 min,1,1800,pi+,94,60,156254,214.9,-1345,,14,15,0.06,Not working,1.788,28,MH,"MH, WJ, AS","Center of detector, PSB ring back",,,,
1775,Jun 23,6:35 AM,7:20 AM,45 min,3,1600,e+,73,60,289891,214.9,-1345,,16,16,0.06,Not working,1.786,28,MH,"MH, WJ, AS",Center of detector. WIFI went out in the middle of the run but the DAQ still took data,,,,
1776,Jun 23,7:34 AM,7:55 AM,21 min,3,1500,pi+,93,40,126975,214.9,-1345,,17,17,0.1,Not working,3.554,28,MH,"MH, WJ, AS",Center of detector,,,,
1777,Jun 23,8:05 AM,8:10 AM,5 min,3,3,e+,71,40,28,214.9,-1345,,17,17,0.1,Not working,3.554,28,CN,"CN, ZLG, MP",JUNK RUN No current on board 8,,,,
1778,Jun 23,8:14 AM,8:16 AM,2 min,4,,e+,71,40,7,214.9,-1345,,19,19,0.1,Not working,3.554,28,CN,"CN, ZLG, MP",JUNK RUN No current on board 8,,,,
1779,Jun 23,8:19 AM,8:47 AM,28 min ,4,,e+,71,40,"85,514",214.9,-1345,,17,20,0.1,Not working,3.554,28,CN,"CN, ZLG, MP",JUNK RUN No current on board 8,,,,
1780,Jun 23,9:00 AM,9:07,7 min ,2,1800,e+,71,40,31582,214.9,-1345,,18,18,0.1,Not working,3.554,28,CN,"CN, ZLG, MP",JUNK RUN No current on board 8 ,,,,
1781,Jun 23,9:22 AM,,,2,,e+,71,40,,214.9,-1345,,16,16,0.1,Not working,3.554,28,CN,"CN, ZLG, MP",JUNK RUN No current on board 8,,,,
1782,Jun 23,,,,2,,e+,71,40,,214.9,-1345,,,,0.1,Not working,3.554,28,CN,"CN, ZLG, MP",JUNK RUN No current on board 8,,,,
1792,Jun 23,12:04 PM,12:08 PM,4 min ,NA,NA,NA,NA,NA,"200,000",214.9,-1345,,19,19,0.1,Not working,3.554,28,CN,"CN, ZLG, MP",Pedestal Run (Beam off for 2 hours),,,,
1793,Jun 23,12:10 PM,12:15 PM,5 min,NA,NA,NA,NA,NA,"209,571",214.9,-1345,,20,20,0.1,Not working,3.554,28,CN,"CN, ZLG, MP",Pedestal Run ,,,,
1794,Jun 23,12:16,12:21,5 min ,NA,NA,NA,NA,NA,"231,691",214.9,-1345,,21,21,0.1,Not working,3.554,28,CN,"CN, ZLG, MP",Pedestal Run ,,,,
1795,Jun 23,12:22 PM,12:29 PM,7 min,NA,NA,NA,NA,NA,280936,214.9,-1345,,18,19,0.1,Not working,3.554,28,CN,"CN, ZLG, MP",Pedestal Run ,,,,
1796,Jun 23,12:31 PM,12:35 PM,4 min,NA,NA,NA,NA,NA,207725,214.9,-1345,,22,22,0.1,Not working,3.554,28,CN,"CN, ZLG, MP",Pedestal Run ,,,,
1797,Jun 23,1:30 PM,2:11 PM,41 min,1,1800,e+,71,40,104974,214.9,-1345,,18,20,0.1,Not working,3.554,28,ZLG,"CN, ZLG, MP",40 GeV positrons,,,,
1798,Jun 23,2:20 PM,2:52 PM,32 min,1,500,pi+,92,20,20263,214.9,-1345,,20,17,0.339,Not working,3.99,28,"CN, ZLG","CN, ZLG, MP",20 GeV pions,,,,
1799,Jun 23,3:36 PM,3:54 PM,18 min,1,580,pi+,92,20,10360,214.9,-1345,,20,22,0.339,Not working,3.99,28,"CN, ZLG","CN, ZLG, MP",Table moved but it should be back to where it was +/- cm ,,,,
1800,Jun 23,4:23 PM,4:46 PM,23 min,1,1700,e+,75,80,45000,214.9,-1345,,20,20,0.03,Not working,0.896,28,"CN, ZLG","CN, ZLG, MP",Table supposed to be in the center. Stop and restart to test the event display,,,,
1801,Jun 23,4:51 PM,5:05 PM,14 min,1,1738,e+,75,80,30877,214.9,-1345,,20,20,0.03,Not working,0.896,28,GV,"GV, WJ, AS",,,,,
1802,Jun 23,17:22,5:24 PM,,,,e+,75,80,,215,56,,,,,Not working,,,GV,"GV, WJ, AS",JUNK RUN root monitor disappeared; had to terminate run,,,,
1803,Jun 23,5:24 PM,N/A,,1,1734,e+,75,80,,215,56,,22,22,0.03,Not working,0.896,28,GV,"GV, WJ, AS",,,,,
1804,Jun 23,N/A,7:19 PM,,2,1700,e+,75,80,359689,NA,NA,,22,22,0.03,Not working,0.896,28,GV,"GV, WJ, AS",callibration run,,,,
1805,Jun 23,7:20 PM,7:24 PM,4 min,2,,e+,75,80,,NA,NA,,,,0.03,Not working,0.896,28,GV,"GV, WJ, AS",JUNK RUN forgot to terminate run before starting again.,,,,
1806,Jun 23,7:24 PM,9:50 PM,2 hr 36 min,1,1700,e+,75,80,325000,NA,NA,,22,22,0.03,Not working,0.896,28,GV,"GV, WJ, AS",callibration run,,,,
1807,Jun 23,9:53 PM,10:32 PM,39 min,3,1700,e+,75,80,194347,NA,NA,,22,22,0.03,Not working,0.896,28,GV,"GV, WJ, AS",callibration run,,,,
1808,Jun 23,10:34 PM,10:53 PM,19 min,1,2000,pi+,95,80,52938,287,-2575,,22,22,0.03,Not working,0.896,28,GV,"GV, WJ, AS",pion energy scan,,,,
1809,Jun 23,11:11 PM,11:53 PM,42min,1,2000,pi+,99,160,100242,287,-2575,,22,22,0.021,Not working,0.236,28,GV,"GV, WJ, AS",pion energy scan,,,,
1810,Jun 24,11:49 PM,12:25 PM,36min,1,2400,pi+,97,120,107978,287,-2575,,22,22,0.047,Not working,1.783,28,ZLG,"ZLG, CN",pion energy scan,,,,
1811,Jun 24,12:30 PM,12:56 PM,26min,1,1791,pi+,94,60,56919,287,-2575,,20,20,0.047,Not working,1.783,28,CN,"ZLG, CN",pion energy scan,,,,
1812,Jun 24,1:09 AM,1:59 AM,50 min,1,1355,e+,83,160,96079,215,-2575,,20,22,0.025,Not working,0.235,28,CN,"ZLG, CN","Starting center energy scan runs, cut short of 100k events bc of time, but close enough",,,,
1813,Jun 24,2:06 AM,2:44,38 min ,1,1711,e+,75,80,101112,215,-2575,,21,21,0.02,Not working,0.9,28,CN,"ZLG, CN",center energy scan ,,,,
1814,Jun 24,3:06 AM,3:35 AM,29 min,1,2125,e+,69,20,101089,215,-2575,,22,18,0.35,Not working,4,28,CN,"ZLG, CN",center energy scan ,,,,
1815,Jun 24,3:39 AM,4:16 AM,37 min ,3,625,pi+ ,92,20,101025,215,-2575,,18,18,0.35,Not working,4,28,CN,"ZLG, CN",center energy scan ,,,,
1816,Jun 24,4:27 AM,5:20 AM,53 min,1,500,e+,68,10,81428,215,-2575,,18,18,2.317,Not working,4,28,CN,"ZLG, CN",center energy scan; root file monitor closed but should be good ,,,,
1817,Jun 24,5:26 AM,6:16 AM,50 min ,1,1330,mu+,100,160,100777,215,-2575,,19,18,2.317,Not working,4,28,CN,"ZLG, CN",center energy scan ,,,,
1818,Jun 24,6:19 AM,7:09 AM,50 min ,1,998,mu+,101,150,82843,215,-2575,,20,21,2.317,Not working,4,28,CN,"ZLG, CN",center energy scan ,,,,
1819,Jun 24,7:11 AM,7:34 AM,23 min ,3,1024,mu+,102,140,100718,215,-2575,,19,18,2.317,Not working,4,28,CN,"ZLG, CN",center energy scan ,,,,
1820,Jun 24,7:36 AM,8:09 AM,33 min,3,990,mu+ ,103,130,70354,215,-2575,,18,21,2.317,Not working,4,28,CN,"ZLG, CN",center energy scan Beam off before we could hit 100K,,,,
1821,Jun 24,?,?,?,,,mu+ ,120?,160,,215,-2577,,,,,Not working,,29,GV,"MP, WJ, GV",TEST/JUNK RUN - This should be where DRS runs started -MH ,,,,
1822,Jun 24,?,?,?,,,mu+ ,120?,160,,215,-2577,,,,,Not working,,29,GV,"MP, WJ, GV",TEST/JUNK RUN,,,,
1823,Jun 24,?,?,?,,,mu+ ,120?,160,,215,-2577,,,,,Not working,,29,GV,"MP, WJ, GV",TEST/JUNK RUN,,,,
1824,Jun 24,?,?,?,,,mu+ ,120?,160,,215,-2577,,,,,Not working,,29,GV,"MP, WJ, GV",TEST/JUNK RUN,,,,
1825,Jun 24,?,?,?,,,mu+ ,120?,160,,215,-2577,,,,,Not working,,29,GV,"MP, WJ, GV",TEST/JUNK RUN,,,,
1826,Jun 24,?,?,?,,,mu+ ,120?,160,,215,-2577,,,,,Not working,,29,GV,"MP, WJ, GV",TEST/JUNK RUN,,,,
1827,Jun 24,?,?,?,,,mu+ ,120?,160,,215,-2577,,,,,Not working,,29,GV,"MP, WJ, GV",TEST/JUNK RUN,,,,
1828,Jun 25,?,1:20 AM,,,,mu+ ,120?,160,1393,215,-2577,,,,,Not working,,29,GV,"MP, WJ, GV",TEST/JUNK RUN-,,,,
1829,Jun 25,1:25 AM,2:33 AM,1 hr 8 min,1,391,e+,75,80,45488,215,-2577,,29,29,0.025,Not working,0.895,29,GV,"MP, WJ, GV",,,,,
1830,Jun 25,2:56 AM,3:19 AM,33 min,1,,e+,77,100,138,215,-2577,,28,28,0.047,Not working,0.664,29,GV,"MP, WJ, GV",run was stopped early due to very few events. Probably because the beam file loading was stuck. The issue is gone after reloading the 120 GeV positron file.,,,,
1831,Jun 25,3:26 AM,4:20 AM,54 min,1,419,e+,79,120,20000,215,-2577,,28,28,0.021,Not working,0.455,29,GV,"MP, WJ, GV",,,,,
1832,Jun 25,4:26 AM,7:11 AM,2 hr 45 min,1,534,pi+,97,120,32779,215,-2577,,28,28,0.021,Not working,0.455,29,GV,"MP, WJ, GV",beam was off for an hour (starting at 4:48 AM).. Beam came back around 6:30 AM,,,,
1833,Jun 25,7:15 AM,8:17 AM,1 hr 2 min,1,500,mu+,104,120,25567,215,-2577,,28,,0.021,Not working,0.455,29,GV,"MP, WJ, GV",,,,,
1834,Jun 25,8:28 AM,9:10 AM,42 min,1,400,pi+,95,80,31461,215,-2577,,,,0.02,Not working,0.9,29,MH,"MH, ZLG, AS",DRS only center of detector,,,,
1835,Jun 25,9:12 AM,xxxx,xxx,1,400,pi+,95,80,,215,-2577,,,,0.02,Not working,0.9,29,MH,"MH, ZLG, AS",Test RUN For MCP biasing ,,,,
1836,Jun 25,xxxx,xxxx,xxx,1,400,pi+,95,80,31461,215,-2577,,,,0.02,Not working,0.9,29,MH,"MH, ZLG, AS",Test RUN For MCP biasing ,,,,
1839,Jun 25,1:01 PM,1:27,26 min,1,500,pi+,95,80,,215,-2577,,,,0.02,Not working,0.9,29,AS,"MH, ZLG, AS",Data Taking post DRS checks - 2 3mm channels were moved to oscilliscope: Bridge0_Board0_Group3_ channels 5 and 6. 5 is C and 6 is S,,,,
1841,Jun 25,2:03 PM,3:22 PM,1 hr 19 min,1,480,e+,75,80,52165,215,-2577,,,,0.021,Not working,0.893,29,MH,"MH, ZLG, AS","First ""good run"" for DRS. 3mm channels are back from oscilloscope. The MCP inverter is gone and was taken out in one of the commisioning runs above",,,,
1842,Jun 25,3:44 PM,3:59 PM,15 min,3,500,e+,75,80,37266,215,-2577,,,,0.021,Not working,0.893,3mm 28V 6mm 29v,ZLG,"MH, ZLG, AS",3mm is 28V 6mm is 29V,,,,
1844,Jun 25,4:06 PM,4:23 PM,17 min,3,500,e+,75,80,39015,215,-2577,,29,29,0.021,Not working,0.893,3mm 27V 6mm 29V,ZLG,"MH, ZLG, AS",3mm is 27V 6mm is 29V,,,,
1845,Jun 25,4:27 PM,4:44 PM,17 min,3,500,e+,75,80,28597,215,-2577,,29,29,0.021,Not working,0.893,3mm 26V 6mm 29V,WJ,"MP, WJ",3mm is 26V 6mm is 29V,,,,
1846,Jun 25,4:59 PM,17:17,18 min,3,600,e+,71,40,46836,215,-2577,,30,30,0.025,Not working,3.551,3mm 26V 6mm 29V,WJ,"MP, WJ",3mm is 26V 6mm is 29V,,,,
1847,Jun 25,5:28 PM,5:50 PM,22 min,3,600,e+,71,40,47244,215,-2577,,30,30,0.025,Not working,3.551,3mm 29V 6mm 29V,WJ,"MP, WJ",3mm is 29V 6mm is 29V,,,,
1848,Jun 25,5:54 PM,6:22 PM,28 min,3,485,mu+,104,120,51422,215,-2577,,30,30,0.025,Not working,3.551,3mm 29V 6mm 29V,WJ,"MP, WJ",3mm is 29V 6mm is 29V,,,,
1849,Jun 25,7:16 PM,8:14 PM,58 min,3,480,e+,71,40,51418,215,-2577,90 (88.2 read by table),30,30,0.025,Not working,3.551,3mm 29V 6mm 29V,WJ,"MP, WJ",First 160 events are 120 GeV muons. ,,,,
1851,Jun 25,8:50 PM,9:01 AM,11 min,3,590,e+,71,40,30215,215,-2577,-18.2 (-20 read by table),30,30,0.025,Not working,3.551,3mm 29V 6mm 29V,WJ,"MP, WJ",A service cable came out and it was reconnected before the angle scane (may be T1),,,,
1852,Jun 25,9:04 PM,9:17 PM,13 min,3,,e+,71,40,32394,215,-2577,-17.2 (-19 read by table),30,30,0.025,Not working,3.551,3mm 29V 6mm 29V,WJ,"MP, WJ",,,,,
1853,Jun 25,9:22 PM,21:37,15 min,3,570,e+,71,40,30285,215,-2577,-16.2 (-18 read by table),30,30,0.025,Not working,3.553,3mm 29V 6mm 29V,MP,"MP, WJ",,,,,
1854,Jun 25,9:40 PM,9:56,16 min,3,590,e+,71,40,36226,215,-2577,-15.2 (-17 read by table),30,30,0.025,Not working,3.553,3mm 29V 6mm 29V,WJ,"MP, WJ",,,,,
1855,Jun 25,21:59,10:14 PM,15 min,3,590,e+,71,40,30224,215,-2577,-14.2 (-16 read by table),30,30,0.025,Not working,3.553,3mm 29V 6mm 29V,WJ,"MP, WJ",,,,,
1856,Jun 25,10:17 PM,11:05 PM,48 min,1,566,e+,71,40,31990,215,-2577,-13.2 (-15 read by table),30,30,0.025,Not working,3.553,3mm 29V 6mm 29V,WJ,"MP, WJ",,,,,
1857,Jun 25,11:11 PM,11:39 PM,28 min,1,575,e+,71,40,31517,215,-2577,-12.2 (-14 read by table),30,30,0.025,Not working,3.553,3mm 29V 6mm 29V,WJ,"MP, WJ",,,,,
1858,Jun 25,11:41 PM,11:54 P.M.,13 min,3,590,e+,71,40,30376,215,-2577,-11.2 (-13 read by table),30,30,0.025,Not working,3.553,3mm 29V 6mm 29V,WJ,"MP, WJ",,,,,
1859,Jun 25,11:56 PM,12:09 AM,13 min,3,590,e+,71,40,30521,215,-2577,-10.2 (-12 read by table),30,30,0.025,Not working,3.553,3mm 29V 6mm 29V,WJ,"MP, WJ",,,,,
1860,Jun 26,12:14 AM,12:27:00 AM,13 min ,3,590,e+,71,40,30557,215,-2577,-9.2 (-11 read by table),30,30,0.025,Not working,3.553,29,CN,"CN, GV, AS",,,,,
1861,Jun 26,12:29,12:42 AM,13 min ,3,584,e+,71,40,30321,215,-2577,-8.2 (-10 read by table),30,30,0.025,Not working,3.553,29,CN,"CN, GV, AS",,,,,
1862,Jun 26,12:45 PM,1:28 AM,43 min,1,523,e+,71,40,31301,215,-2577,-7.2 (-9 read by table),30,30,0.025,Not working,3.553,29,CN,"CN, GV, AS",,,,,
1863,Jun 26,1:32,1:55 AM,23 min ,3,588,e+,71,40,30399,215,-2577,-6.2 (-8 read by table),30,30,0.025,Not working,3.553,29,CN,"CN, GV, AS",,,,,
1864,Jun 26,2:03 AM,2:16,13 min,3,589,e+,71,40,30982,215,-2577,-5.2 (-7 read by table),30,30,0.025,Not working,3.553,29,CN,"CN, GV, AS",,,,,
1865,Jun 26,2:19 AM,2:32,13 min ,3,584,e+,71,40,30511,215,-2577,-4.2 (-6 read by table),30,29,0.025,Not working,3.553,29,CN,"CN, GV, AS",,,,,
1866,Jun 26,2:35 AM,2:47 AM,12 min ,3,581,e+,71,40,30395,215,-2577,-3.2 (-5 read by table),29,28,0.025,Not working,3.553,29,CN,"CN, GV, AS",,,,,
1867,Jun 26,2:52 AM,3:21,13 min ,3,581.0,e+,71,40,32744,215,-2577,-2.2 (-4 read by table),28,28,0.025,Not working,3.553,29,CN,"CN, GV, AS",,,,,
1868,Jun 26,3:09 AM,3:21,12 min ,3,584.0,e+,71,40,30400,215,-2577,-1.2 (-3 read by table),28,28,0.025,Not working,3.553,29,CN,"CN, GV, AS",,,,,
1869,Jun 26,3:24 AM,3:37 AM,13 min,3,583.0,e+,71,40,32241,215,-2577,-0.2 (-2 read by table),28,28,0.025,Not working,3.553,29,CN,"CN, GV, AS",,,,,
1870,Jun 26,3:40 AM,3:55 AM,15 min,3,587.0,e+,71,40,32858,215,-2577,0.8 (-1 read by table),28,28,0.025,Not working,3.553,29,CN,"CN, GV, AS",,,,,
1871,Jun 26,3:57 AM,4:10 AM,13 min ,3,583.0,e+,71,40,30476,215,-2577,1.8 (0 read by table),28,28,0.025,Not working,3.553,29,CN,"CN, GV, AS",,,,,
1872,Jun 26,4:13 AM,4:25 AM,12 min ,3,584.0,e+,71,40,30418,215,-2577,2.8 (1 read by table),27,28,0.025,Not working,3.553,29,CN,"CN, GV, AS",,,,,
1873,Jun 26,4:28 AM,4:41 AM,13 min,3,580.0,e+,71,40,30470,215,-2577,3.8 (2 read by table),27,28,0.025,Not working,3.553,29,AS,"CN, GV, AS",,,,,
1874,Jun 26,4:45 AM,4:58 AM,13 min,3,580.0,e+,71,40,30115,215,-2577,4.8 (3 read by table),27,28,0.025,Not working,3.553,29,AS,"CN, GV, AS",,,,,
1875,Jun 26,5:02,5:14,12 min,3,585,e+,71,40,30407,215,-2577,5.8 (4 read by table),27,27,0.025,Not working,3.553,29,GV,"CN, GV, AS",,,,,
1876,Jun 26,5:17 AM,5:29 AM,12 min ,3,584,e+,71,40,30900,215,-2577,6.8 (5 read by table),27,27,0.025,Not working,3.553,29,CN,"CN, GV, AS",,,,,
1877,Jun 26,5:32 AM,5:44 AM,12 min,3,585,e+,71,40,30435,215,-2577,7.8 (6 read by table),27,27,0.025,Not working,3.553,29,CN,"CN, GV, AS",,,,,
1878,Jun 26,5:47 AM,6:03 AM,13 min,3,589,e+,71,40,36994,215,-2577,8.8 (7 read by table),27,27,0.025,Not working,3.553,29,CN,"CN, GV, AS",,,,,
1879,Jun 26,6:05,6:28 AM,23 min,1,587,e+,71,40,32098,215,-2577,9.8 (8 read by table),27,27,0.025,Not working,3.553,29,CN,"CN, GV, AS",,,,,
1880,Jun 26,6:32 AM,6:57 AM,25 min,1,587,e+,71,40,30527,215,-2577,10.8 (9 read by table),27,27,0.025,Not working,3.553,29,CN,"CN, GV, AS",,,,,
1881,Jun 26,7:00 AM,7:24 AM,24 min ,1,586,e+,71,40,30258,215,-2577,11.8 (10 read by table),27,27,0.025,Not working,3.553,29,CN,"CN, GV, AS",,,,,
1882,Jun 26,7:27 AM,7:42,15 min,1,573,e+,71,40,30191,215,-2577,13.8 (12 read by table),27,27,0.025,Not working,3.553,29,CN,"CN, GV, AS",Had to increase rotation interval ,,,,
1883,Jun 26,7:44 AM,7:57 AM,13 min ,3,573,e+,71,40,30518,215,-2577,15.8 (14 read by table),27,27,0.025,Not working,3.553,29,CN,"CN, GV, AS",,,,,
1884,Jun 26,7:59,8:18,19 min,3,585,e+,71,40,35367,215,-2577,17.8 (16 read by table),27,27,0.025,Not working,3.553,29,CN,"CN, GV, AS",Rotation scan,,,,
1885,Jun 26,8:22,8:35 AM,13 min,3,706,e+,71,40,32750,215,-2577,19.8 (18),27,27,0.025,Not working,3.554,29,WJ,"MH, WJ, AS",Rotaion scan,,,,
1886,Jun 26,8:40 AM,8:52 AM,12 min,3,585,e+,71,40,31635,215,-2577,21.8 (20),27,27,0.025,Not working,3.554,29,WJ,"MH, WJ, AS",,,,,
1887,Jun 26,8:56 AM,0:33,24 min,3,595,e+,71,40,30128,215,-2577,20.8 (19 read by table),27,27,0.025,Not working,3.554,29,WJ,"MH, WJ, AS",Going back to 19 degrees to cover the odd angles skipped,,,,
1888,Jun 26,9:25 AM,10:01,35 min,1,550,pi+,93,40,30093,215,-2577,20.8 (19 read by table),27,27,0.025,Not working,3.554,29,WJ,"MH, WJ, AS",Changing to pi+ to do angle coarse angle scan [+20/-20],,,,
1889,Jun 26,10:04 AM,10:04,0 min,1,500,pi+,93,40,200,215,-2577,15.8 (14),27,27,0.025,Not working,3.554,29,WJ,"MH, WJ, AS",Junk Run (Moniter did not show up),,,,
1890,Jun 26,10:07 AM,10:16,9 min,1,570,pi+,93,40,7123,215,-2577,15.8 (14),27,27,0.025,Not working,3.554,29,WJ,"MH, WJ, AS",Checking the US MCP so this run was stoped early to fix it,,,,
1891,Jun 26,10:26 AM,10:55,29 min,1,570,pi+,93,40,24842,215,-2577,15.8 (14),28,28,0.025,Not working,3.554,29,WJ,"MH, WJ, AS",Restart the run after checking.,,,,
1892,Jun 26,11:02 AM,11:32,30 min,1,555,pi+,93,40,22554,215,-2577,10.8 (9),28.5,29,0.025,Not working,3.554,29,WJ,"MH, WJ, AS",,,,,
1893,Jun 26,11:40 AM,11:57,17 min,1,558,pi+,93,40,10238,215,-2577,5.8 (4),29,29,0.025,Not working,3.554,29,WJ,"MH, WJ, AS",Early stop because beam is gone and we need to access.,,,,
1894,Jun 26,12:07 PM,13:04,57 min,1,,pi+,93,40,,215,-2577,5.8 (4),29,29,0.025,Not working,3.554,29,WJ,"MH, WJ, AS",Start the run when beam was not there. There is no beam for the whole run.,,,,
1895,Jun 26,1:11 PM,13:46,25 min,0,0,0,0,0,,215,-2577,5.8 (4),29,30,0.025,Not working,3.554,29,WJ,"MH, WJ, AS",DRS pedestal run,,,,
1896,Jun 26,3:23 PM,15:53,30 min,,,pi+,93,40,,215,-2577,5.8 (4),30,30,0.025,Not working,3.554,29,WJ,"MH, WJ, AS",Test run with the new DRS map after recabling (PHASE 2),,,,
1897,Jun 26,4:22 PM,5:03 PM,39 min,1,594.0,e+,71,40,30532,-295.8,-2577,90 (88.2),29,29,0.025,Not working,3.554,29,GV,"GV, MP",,,,,
1898,Jun 26,5:06 PM,5:42 PM,36 min,1,600.0,e+,71,40,30463,-285.8,-2577,90 (88.2),30,30,0.025,Not working,3.554,29,GV,"GV, MP",,,,,
1899,Jun 26,5:47 PM,6:15 PM,28 min,1,581.0,e+,71,40,46100,-275.8,-2577,90 (88.2),30,30,0.025,Not working,3.554,29,GV,"GV, MP",,,,,
1900,Jun 26,6:18 PM,6:32 PM,14 min,3,590,e+,71,40,30330,-265.8,-2577,90 (88.2),30,30,0.025,Not working,3.554,29,GV,"GV, MP",,,,,
1901,Jun 26,6:35 PM,6:48 PM,13 min,3,592.0,e+,71,40,30270,-255.8,-2577,90 (88.2),30,30,0.025,Not working,3.554,29,GV,"GV, MP",,,,,
1902,Jun 26,6:51 PM,7:34 PM,43 min,3,583,e+,71,40,30531,-245.8,-2577,90 (88.2),30,30,0.025,Not working,3.554,29,GV,"GV, MP",,,,,
1903,Jun 26,7:38 PM,8:13 PM,25 min,1,571.0,e+,71,40,30729,-235.8,-2577,90 (88.2),30,30,0.025,Not working,3.554,29,GV,"GV, MP",,,,,
1904,Jun 26,8:16 PM,8:52 AM,36 min,1,596.0,e+,71,40,30413,-225.8,-2577,90 (88.2),30,30,0.025,Not working,3.554,29,GV,"GV, MP",,,,,
1905,Jun 26,8:56 PM,9:33 PM,37 min,1,560.0,e+,71,40,30979,-215.8,-2577,90 (88.2),30,30,0.025,Not working,3.554,29,GV,"GV, MP",,,,,
1906,Jun 26,9:35 PM,10:09 PM,34 min,1,537,e+,71,40,30358,-205.8,-2577,90 (88.2),30,30,0.025,Not working,3.554,29,GV,"GV, MP",,,,,
1907,Jun 26,10:13 PM,10:57 PM,44 min,1,604,e+,71,40,31212,-195.8,-2577,90 (88.2),30,30,0.025,Not working,3.554,29,GV,"GV, MP",,,,,
1908,Jun 26,11:01 PM,11:51 PM,50 min,1,538,e+,71,40,32082,-185.8,-2577,90 (88.2),30,30,0.025,Not working,3.554,29,GV,"GV, MP",,,,,
1909,Jun 26,11:53 PM,12:29 AM,38 min,1,576,e+,71,40,30357,-175.8,-2577,90 (88.2),30,30,0.025,Not working,3.554,29,ZLG,"ZLG, CN, GV, MP",,,,,
1910,Jun 27,12:33 AM,12:54 AM,21 min,1 and 3,365,e+,71,40,30617,-165.8,-2577,90 (88.2),30,30,0,Not working,3.554,29,ZLG,"ZLG, CN, MH","CC1 pressure said ""0"" for some reason and we do not know how long this was the case. It has been changed back to .02 starting at the next run",,,,
1911,Jun 27,12:58 AM,1:12 AM,14 min,3,298,e+,71,40,30993,-155.8,-2577,90 (88.2),29,29,0.025,Not working,3.554,29,ZLG,"MH, CN, ZLG",,,,,
1912,Jun 27,1:15 AM,1:34 AM,19 min,3,603,e+,71,40,30179,-145.8,-2577,90 (88.2),29,29,0.025,Not working,3.554,29,ZLG,"MH, CN, ZLG",,,,,
1913,Jun 27,1:37 AM,2:32 AM,55 min ,3,591,e+,71,40,30541,-135.8,-2577,90 (88.2),29,28,0.025,Not working,3.554,29,"ZLG, CN","MH, CN, ZLG","Beam down at 1:51 AM, CPS issue RF  cavity more news in 30 min Beam back on @ 2:30",,,,
1914,Jun 27,2:34 AM,2:53 AM,19 min,3,592,e+,71,40,30854,-125.8,-2577,90 (88.2),28,29,0.025,Not working,3.554,29,CN,"MH, CN, ZLG",,,,,
1915,Jun 27,2:56 AM,3:31 AM,35 min,1,593,e+,71,40,30290,-115.8,-2577,90 (88.2),29,30,0.025,Not working,3.554,29,ZLG,"MH, CN, ZLG",,,,,
1916,Jun 27,3:34 AM,4:03 AM,29 min,1,475,e+,71,40,33094,-105.8,-2577,90 (88.2),29,30,0.025,Not working,3.554,29,ZLG,"MH, CN, ZLG",,,,,
1917,Jun 27,4:06 AM,4:27 AM,21 min,3,587,e+,71,40,30143,-95.8,-2577,90 (88.2),30,26,0.025,Not working,3.554,29,ZLG,"MH, CN, ZLG",,,,,
1918,Jun 27,4:30 AM,4:53 AM,23 min,1,493,e+,71,40,30458,-85.8,-2577,90 (88.2),26,27,0.025,Not working,3.554,29,ZLG,"MH, CN, ZLG",,,,,
1919,Jun 27,4:56 AM,5:09 AM,13 min,3,340,e+,71,40,31417,-75.8,-2577,90 (88.2),26,26,0.025,Not working,3.554,29,ZLG,"MH, CN, ZLG",,,,,
1920,Jun 27,5:12 AM,5:25 AM,13 min ,3,596,e+,71,40,30998,-65.8,-2577,90 (88.2),27,27,0.025,Not working,3.554,29,ZLG,"MH, CN, ZLG",,,,,
1921,Jun 27,5:27 AM,5:46 AM,19 min ,3,606,e+,71,40,30046,-55.8,-2577,90 (88.2),27,27,0.025,Not working,3.554,29,CN,"MH, CN, ZLG",,,,,
1922,Jun 27,5:50 AM,6:04 AM,14 min,3,595,e+,71,40,30293,-45.8,-2577,90 (88.2),27,27,0.026,Not working,3.553,29,CN,"MH, CN, ZLG",,,,,
1923,Jun 27,6:07 AM,6:21 AM,14 min ,3,590,e+,71,40,30285,-35.8,-2577,90 (88.2),27,27,0.026,Not working,3.553,29,CN,"MH, CN, ZLG",,,,,
1924,Jun 27,6:24 AM,6:39 AM,15 min,3,597,e+,71,40,30290,-25.8,-2577,90 (88.2),27,27,0.026,Not working,3.553,29,CN,"MH, CN, ZLG",,,,,
1925,Jun 27,6:42 AM,6:57 AM,15 min ,3,592,e+,71,40,30143,-15.8,-2577,90 (88.2),27,27,0.026,Not working,3.553,29,CN,"MH, CN, ZLG",,,,,
1926,Jun 27,7:00 AM,7:30 AM,30 min ,3,594,e+,71,40,32404,-5.8,-2577,90 (88.2),27,27,0.026,Not working,3.553,29,CN,"MH, CN, ZLG",,,,,
1927,Jun 27,7:33 AM,7:46 AM,13 min ,3,599,e+,71,40,30883,5.8,-2577,90 (88.2),27,27,0.026,Not working,3.553,29,CN,"MH, CN, ZLG",slightly larger z step than 1 cm (11.6 mm),,,,
1928,Jun 27,7:48 AM,8:01 AM,13 min ,3,594,e+,71,40,30381,15.8,-2577,90 (88.2),27,27,0.027,Not working,3.553,29,CN,"MH, CN, ZLG",,,,,
1929,Jun 27,8:05 AM,8:18 AM,13 min,3,597,e+,71,40,31133,25.8,-2577,90 (88.2),28,28,0.027,Not working,3.553,29,MP,"MP, WJ",,,,,
1930,Jun 27,8:23 AM,9:16 AM,53 min,3,595,e+,71,40,19141,35.8,-2577,90 (88.2),28,27,0.027,Not working,3.553,29,WJ,"MP, WJ",PS access issue - No beam. 10 min after starting the run,,,,
1931,Jun 27,9:24 AM,9:42 AM,18 min,0,0,pedestal,71,40,153405,35.8,-2577,90 (88.2),27,27,0.027,Not working,3.553,29,WJ,"MP, WJ",Pedestal run when there is no beam.,,,,
1932,Jun 27,9:46 AM,9:50 AM,4 min,3,590,e+,71,40,11233,35.8,-2577,90 (88.2),27,27,0.027,Not working,3.553,29,WJ,"MP, WJ",Start the run again after beam is back; tracker issue (most events not saved),,,,
1933,Jun 27,9:53 AM,10:07 AM,14 min,3,593,e+,71,40,34571,85.8,-2577,90 (88.2),28,28,0.027,Not working,3.553,29,WJ,"MP, WJ",tracker issue (most events not saved),,,,
1934,Jun 27,10:16 AM,10:29 AM,13 min,3,590,e+,71,40,30836,185.8,-2577,90 (88.2),28,28,0.027,Not working,3.553,29,WJ,"MP, WJ",,,,,
1935,Jun 27,10:32 AM,10:45 AM,13 min,3,600,e+,71,40,31128,285.8,-2577,90 (88.2),28,28,0.027,Not working,3.553,29,WJ,"MP, WJ",,,,,
1936,Jun 27,10:48 AM,11:01 AM,13 min,3,590,e+,71,40,32294,385.8,-2577,90 (88.2),28,28,0.027,Not working,3.553,29,WJ,"MP, WJ",,,,,
1937,Jun 27,11:04 AM,11:17 AM,13 min,3,595,e+,71,40,30351,485.8,-2577,90 (88.2),29,29,0.027,Not working,3.553,29,WJ,"MP, WJ",,,,,
1938,Jun 27,11:20 AM,11:34,14 min,3,590,e+,71,40,32165,585.8,-2577,90 (88.2),29,29,0.027,Not working,3.553,29,WJ,"MP, WJ",,,,,
1939,Jun 27,11:37 AM,11:50 AM,13 min,3,595,e+,71,40,31660,685.8,-2577,90 (88.2),29,29,0.027,Not working,3.553,29,WJ,"MP, WJ",,,,,
1940,Jun 27,11:54 AM,12:08 PM,14 min,3,590,e+,71,40,32180,785.8,-2577,90 (88.2),29,29,0.027,Not working,3.553,29,WJ,"MP, WJ",,,,,
1941,Jun 27,12:11 PM,12:24 PM,13 min,3,590,e+,71,40,31065,850,-2577,90 (88.2),29,29,0.027,Not working,3.553,29,WJ,"MP, WJ",,,,,
1942,Jun 27,12:35,12:51 PM,16 min,3,600,e+,71,40,37593,1026.5,-2577,90 (88.2),29,29,0.027,Not working,3.553,29,WJ,"MP, WJ",Beam on the fibers,,,,
1943,Jun 27,12:58,13:11,13 min,3,590,e+,71,40,31082,215,-2577,90 (88.2),29,29,0.027,Not working,3.553,29,WJ,"MP, WJ",Start of the angle scan,,,,
1944,Jun 27,1:14 PM,13:30,16 min,3,596,e+,71,40,38202,215,-2577,80 (78.2),29,29,0.027,Not working,3.553,29,WJ,"MP, WJ",,,,,
1945,Jun 27,1:33 PM,13:49,16 min,3,,e+,71,40,36723,215,-2577,70 (68.2),29,29,0.027,Not working,3.553,29,WJ,"MP, WJ",Beam is gone soon after this run. PS access system tripped.,,,,
1946,Jun 27,14:32,14:51,19 min,0,0,pedestal,0,0,161182,215,-2577,70 (68.2),29,29,0.027,Not working,3.553,29,WJ,"MP, WJ",,,,,
1947,Jun 27,6:45 PM,6:51 PM,6 min,0,0,e+,71,40,106,215,-2577,60 (58.2),30,30,0.027,Not working,3.553,29,GV,"GV, MH",Run was stopped due to low event count- beam was not hitting us,,,,
1948,Jun 27,7:25 PM,7:47,22 min,3,586,e+,71,40,31554,215,-2577,60 (58.2),30,30,0.027,Not working,3.553,29,GV,"GV, MH",Was working on test fibers but we can not make an access to the beam area so we can't assemble the test fiber stand. Everything else is ready for test fibers except assembly,,,,
1949,Jun 27,7:51 PM,8:03 PM,12 min,3,643,e+,71,40,31000,215,-2577,50 (48.2),30,30,0.027,Not working,3.553,29,GV,"GV, MH",,,,,
1950,Jun 27,8:06 PM,8:19 PM,13 min,3,600,e+,71,40,31034,215,-2577,49 (47.2),30,30,0.027,Not working,3.553,29,GV,"GV, MH",,,,,
1951,Jun 27,8:21 PM,8:40 PM,19 min,3,586,e+,71,40,33259,215,-2577,48 (46.2),30,30,0.027,Not working,3.553,29,GV,"GV, MH",Tested the full angle range from [45:0] to test cables and everything was fine,,,,
1952,Jun 27,8:45 PM,8:55 PM,10 min,3,590,e+,71,40,30730,215,-2577,47 (45.2),30,30,0.027,Not working,3.553,29,GV,"GV, MH",,,,,
1953,Jun 27,21:00,9:14,14 min,3,600,e+,71,40,32084,215,-2577,46 (44.2),30,30,0.027,Not working,3.553,29,GV,"GV, MH",,,,,
1954,Jun 27,9:14 PM,9:30 PM,16 min,3,616,e+,71,40,32633,215,-2577,45 (43.2),30,30,0.027,Not working,3.553,29,GV,"GV, MH",,,,,
1955,Jun 27,9:33 PM,9:50 PM,17 min,3,677,e+,71,40,30259,215,-2577,44 (42.2),30,30,0.03,Not working,3.557,29,GV,"GV, MH",CC 1 and 2 were a little high and this was noticed on this run. Next run will bring them back down,,,,
1956,Jun 27,9:54 PM,10:17 PM,23 min,3,670,e+,71,40,30991,215,-2577,43 (41.2),30,30,0.03,Not working,3.556,29,GV,"GV, MH",The pressures were not able to be changed. Beam is down from start of run until about 10:10,,,,
1957,Jun 27,10:21 PM,10:35 PM,14 min,3,769,e+,71,40,34577,215,-2577,42 (40.2),30,30,0.03,Not working,3.556,29,GV,"GV, MH",,,,,
1958,Jun 27,10:38 PM,10:51 PM,13 min,3,700,e+,71,40,30443,215,-2577,41 (39.2),30,30,0.03,Not working,3.556,29,GV,"GV, MH",,,,,
1959,Jun 27,10:55 PM,11:08 PM,13 min,3,598,e+,71,40,32456,215,-2577,40 (38.2),30,30,0.03,Not working,3.556,29,GV,"GV, MH",,,,,
1960,Jun 27,11:11 PM,11:24,13 min,3,575,e+,71,40,30464,215,-2577,35 (33.2),30,30,0.03,Not working,3.556,29,GV,"GV, MH",,,,,
1961,Jun 27,11:30 PM,11:44 PM,14 min,3,570,e+,71,40,35376,215,-2577,30 (28.2),30,30,0.03,Not working,3.556,29,GV,"GV, MH",,,,,
1962,Jun 27,11:50 PM,0:03,13 min ,3,570,e+,71,40,34389,215,-2577,25 (23.2),30,30,0.03,Not working,3.556,29,GV,"GV, MH",,,,,
1963,Jun 28,12:08 AM,12:20 AM,12 min ,3,587,e+,71,40,30337,215,-2577,20 (18.2),30,30,0.03,Not working,3.556,29,CN,"CN, ZLG, MP",,,,,
1964,Jun 28,0:23,12:36 AM,13 min ,3,602,e+,71,40,31720,215,-2577,15 (13.2),30,30,0.03,Not working,3.556,29,CN,"CN, ZLG, MP",,,,,
1965,Jun 28,0:40,12:52,12 min ,3,596,e+,71,40,30301,215,-2577,10 (8.2),30,30,0.03,Not working,3.556,29,CN,"CN, ZLG, MP",,,,,
1966,Jun 28,12:57 AM,1:09,12 min ,3,597,e+,71,40,30563,215,-2577,5 (3.2),30,30,0.03,Not working,3.556,29,CN,"CN, ZLG, MP",,,,,
1967,Jun 28,1:14 AM,1:27 AM,13 min ,3,589,e+,71,40,31248,215,-2577,0 (-1.8),29,30,0.03,Not working,3.556,29,CN,"CN, ZLG, MP",,,,,
1968,Jun 28,1:42 AM,1:54,12 min ,3,628,pi+,95,80,30176,215,-2577,0 (-1.8),29,29,0.02,Not working,0.9,29,CN,"CN, ZLG, MP",,,,,
1969,Jun 28,1:57,2:09 AM,12 min ,3,627,pi+,95,80,31500,215,-2577,1 (-0.8),29,29,0.02,Not working,0.9,29,CN,"CN, ZLG, MP",,,,,
1970,Jun 28,2:13 AM,2:25 AM,12 min ,3,632,pi+,95,80,30107,215,-2577,2 (0.2),29,29,0.02,Not working,0.9,29,CN,"CN, ZLG, MP",,,,,
1971,Jun 28,2:28 AM,2:39,11 min ,3,630,pi+,95,80,30002,215,-2577,3 (1.2),29,29,0.02,Not working,0.9,29,CN,"CN, ZLG, MP",,,,,
1972,Jun 28,2:43 AM,2:55 AM,12 min ,3,638,pi+,95,80,30236,215,-2577,4 (2.2),29,29,0.02,Not working,0.9,29,CN,"CN, ZLG, MP",,,,,
1973,Jun 28,2:57 AM,3:11,14 min ,3,623,pi+,95,80,35020,215,-2577,5 (3.2),29,29,0.02,Not working,0.9,29,CN,"CN, ZLG, MP",,,,,
1974,Jun 28,3:14 AM,3:26,12 min ,3,617,pi+,95,80,29936,215,-2577,6 (4.2),29,29,0.02,Not working,0.9,29,CN,"CN, ZLG, MP",,,,,
1975,Jun 28,3:29 AM,3:43 AM,14 min ,3,600,pi+,95,80,29996,215,-2577,7 (5.2),29,29,0.02,Not working,0.9,29,CN,"CN, ZLG, MP",Beam was down for a bit,,,,
1976,Jun 28,3:50 AM,4:02,12 min,3,627,pi+,95,80,30137,215,-2577,8 (6.2),28,28,0.02,Not working,0.9,29,CN,"CN, ZLG, MP",,,,,
1977,Jun 28,4:04 AM,4:17 AM,13 min ,3,622,pi+,95,80,30610,215,-2577,9 (7.2),28,28,0.02,Not working,0.9,29,CN,"CN, ZLG, MP",,,,,
1978,Jun 28,4:21 AM,4:33 AM,12 min ,3,626,pi+,95,80,31087,215,-2577,10 (8.2),28,28,0.02,Not working,0.9,29,CN,"CN, ZLG, MP",,,,,
1979,Jun 28,4:36 AM,4:48 AM,12 min ,3,623,pi+,95,80,30607,215,-2577,15 (13.2),28,28,0.02,Not working,0.9,29,CN,"CN, ZLG, MP",,,,,
1980,Jun 28,4:51,5:02 AM,11 min,3,627,pi+,95,80,30570,215,-2577,20 (18.2),28,28,0.02,Not working,0.9,29,MP,"CN, ZLG, MP",,,,,
1981,Jun 28,5:05 AM,5:17 AM,12 min,3,624,pi+,95,80,30695,215,-2577,25 (23.2),28,28,0.02,Not working,0.9,29,MP,"CN, ZLG, MP",,,,,
1982,Jun 28,5:23 AM,5:35 AM,12 min,3,622,pi+,95,80,30532,215,-2577,30 (28.2),28,28,0.02,Not working,0.9,29,MP,"CN, ZLG, MP",,,,,
1983,Jun 28,5:37 AM,5:49 AM,12 min,3,631,pi+,95,80,30571,215,-2577,35 (33.2),28,28,0.02,Not working,0.9,29,MP,"CN, ZLG, MP",,,,,
1984,Jun 28,5:52 AM,6:04 AM,12 min,3,630,pi+,95,80,30073,215,-2577,40 (38.2),28,28,0.02,Not working,0.9,29,MP,"CN, ZLG, MP",,,,,
1985,Jun 28,6:07 AM,6:19 AM,12 min,3,623,pi+,95,80,30604,215,-2577,41 (39.2),28,28,0.02,Not working,0.9,29,MP,"CN, ZLG, MP",,,,,
1986,Jun 28,6:21 AM,6:33 AM,12 min,3,620,pi+,95,80,30693,215,-2577,42 (40.2),28,28,0.02,Not working,0.9,29,MP,"CN, ZLG, MP",,,,,
1987,Jun 28,6:36 AM,6:47 AM,11 min,3,626,pi+,95,80,30067,215,-2577,43 (41.2),28,28,0.02,Not working,0.9,29,MP,"CN, ZLG, MP",,,,,
1988,Jun 28,6:51 AM,7:02 AM,11 min,3,633,pi+,95,80,30102,215,-2577,44 (42.2),28,28,0.02,Not working,0.9,29,MP,"CN, ZLG, MP",,,,,
1989,Jun 28,7:05 AM,7:16 AM,11 min,3,633,pi+,95,80,30583,215,-2577,45 (43.2),28,28,0.02,Not working,0.9,29,MP,"CN, ZLG, MP",,,,,
1990,Jun 28,7:19 AM,7:31,12 min,3,626,pi+,95,80,30111,215,-2577,44 (42.2),28,28,0.02,Not working,0.9,29,MP,"CN, ZLG, MP",accidentally went backwards in angle for one run,,,,
1991,Jun 28,7:36 AM,7:47,11 min,3,630,pi+,95,80,30109,215,-2577,46 (44.2),28,28,0.02,Not working,0.9,29,MP,"CN, ZLG, MP",,,,,
1992,Jun 28,7:50 AM,7:55,5 min,3,632,pi+,95,80,11009,215,-2577,47 (45.2),28,28,0.02,Not working,0.9,29,MP,"CN, ZLG, MP",,,,,
1993,,,,,,,,,,,,,,,,0.02,Not working,0.9,,,,JUNK RUN,,,,
1994,Jun 28,3:08 PM,3:22,14 min,3,600,e+,71,40,23694,64.4,,90 (88.2),29,29,0.02,Not working,0.9,29,WJ,"WJ,MH, AS",First run with test fibers. HG-DREAM SiPMs are still connected. MCPs have been moved,,,,
1994,Jun 28,4:25 PM,4:48 PM,23 min ,3,153,e+,71,40,30074,64.4,-233,90 (88.2),30,30,0.02,Not working,0.9,29,CN,"CN, ZLG, GV",Slow start but events/spill ramped up late in the run ,,,,
1995,Jun 28,4:51 PM,4:53,,3,???,e+,71,40,???,62.4,-233,90 (88.2),,,0.02,Not working,0.9,29,CN,"CN, ZLG, GV","JUNK RUN SWITCHING ENERGY, Pressures were not changed for these 40GeV runs",,,,
1996,Jun 28,???,???,???,3,???,e+,71,40,???,???,-233,90 (88.2),???,???,0.02,Not working,0.9,29,???,"CN, ZLG, GV",JUNK RUN,,,,
1997,Jun 28,4:57 PM,5:10 PM,13 min,3,584,e+,75,80,30481,62.4,-233,90 (88.2),30,30,0.02,Not working,0.9,29,ZLG,"CN, ZLG, GV","Switched to 80 GeV e+, starting from 62.4 table position",,,,
1998,Jun 28,5:15 PM,5:27 PM,12 min,3,593,e+,71,40,30485,60.4,-233,90 (88.2),30,30,0.02,Not working,0.9,29,ZLG,"CN, ZLG, GV","changing energy to 40 GeV e+, pressure is staying unchanged",,,,
1999,Jun 28,5:30 PM,5:47 PM,17 min,3,602,e+,71,40,30441,40.4,-233,90 (88.2),30,30,0.02,Not working,0.9,29,ZLG,"CN, ZLG, GV",Moving in 2cm steps so from 60.4 to 40.4,,,,
2000,Jun 28,5:50 PM,6:02 PM,12 min,3,596,e+,71,40,30306,20.4,-233,90 (88.2),30,30,0.02,Not working,0.9,29,ZLG,"CN, ZLG, GV",,,,,
2001,Jun 28,6:05 PM,6:17 PM,12 min,3,546,e+,71,40,30174,0.4,-233,90 (88.2),30,30,0.02,Not working,0.9,29,ZLG,"CN, ZLG, GV",,,,,
2002,Jun 28,6:19 PM,6:32,13 min,3,596,e+,71,40,30484,-19.6,-233,90 (88.2),30,30,0.02,Not working,0.9,29,ZLG,"CN, ZLG, GV",,,,,
2003,Jun 28,6:34 PM,6:47 PM,13 min,3,606,e+,71,40,30553,-39.6,-233,90 (88.2),30,30,0.02,Not working,0.9,29,ZLG,"CN, ZLG, GV",,,,,
2004,Jun 28,6:50 PM,7:02 PM,12 min,3,601,e+,71,40,30523,-59.6,-233,90 (88.2),30,30,0.02,Not working,0.9,29,ZLG,"CN, ZLG, GV",,,,,
2005,Jun 28,7:05 PM,7:17,13 min,3,600,e+,71,40,30456,-79.6,-233,90 (88.2),30,30,0.02,Not working,0.9,29,ZLG,"CN, ZLG, GV",,,,,
2006,Jun 28,7:20 PM,7:32 PM,12 min,3,594,e+,71,40,30446,-99.6,-233,90 (88.2),30,30,0.02,Not working,0.9,29,ZLG,"CN, ZLG, GV",,,,,
2007,Jun 28,7:35 PM,7:47 PM,12 min,3,603,e+,71,40,30546,-119.6,-233,90 (88.2),30,30,0.02,Not working,0.9,29,ZLG,"CN, ZLG, GV",,,,,
2008,Jun 28,7:49 PM,8:01 PM,10 min,3,600,e+,71,40,30413,-139.6,-233,90 (88.2),30,30,0.02,Not working,0.9,29,ZLG,"CN, ZLG, GV",,,,,
2009,Jun 28,8:04 PM,8:17 PM,13 min,3,597,e+,71,40,31158,-159.6,-233,90 (88.2),30,30,0.02,Not working,0.9,29,ZLG,"CN, ZLG, GV",,,,,
2010,Jun 28,8:20 PM,8:33 PM,13 min,3,596,e+,71,40,32361,-179.6,-233,90 (88.2),30,30,0.02,Not working,0.9,29,ZLG,"CN, ZLG, GV",,,,,
2011,Jun 28,8:36,8:49 PM,13 min,3,596,e+,71,40,30551,-199.6,-233,90 (88.2),30,30,0.02,Not working,0.9,29,ZLG,"CN, ZLG, GV",,,,,
2012,Jun 28,9:28 PM,9:40 PM,12 min,3,595,e+,71,40,30562,107,-233,90 (88.2),30,30,0.02,Not working,0.9,29,ZLG,"CN, ZLG, GV","Moved Lead brick 48.2 cm towards Saleve, and moved table back to x=107.0 mm",,,,
2013,Jun 28,9:43 PM,9:57 PM,14 min,3,595,e+,71,40,30562,87,-233,90(88.2),30,30,0.02,Not working,0.9,29,ZLG,"CN, ZLG, GV",,,,,
2014,Jun 28,10:00 PM,10:14,14 min,3,603,e+,71,40,30453,67,-233,90(88.2),30,30,0.02,Not working,0.9,29,ZLG,"CN, ZLG, GV",,,,,
2015,Jun 28,10:17 PM,10:29 PM,12 min,3,604,e+,71,40,30770,47,-233,90(88.2),30,30,0.02,Not working,0.9,29,ZLG,"CN, ZLG, GV",,,,,
2016,Jun 28,10:31 PM,10:44 PM,12 min,3,603,e+,71,40,30582,27,-233,90(88.2),30,30,0.02,Not working,0.9,29,ZLG,"CN, ZLG, GV",,,,,
2017,Jun 28,10:56 PM,11:09 PM,15 min,3,596,pi+,93,40,30065,7,-233,90(88.2),30,30,0.02,Not working,0.9,29,ZLG,"CN, ZLG, GV",Swapping to 40 GeV pion beam here because we forgot to do it in the last run,,,,
2018,Jun 28,11:16 PM,11:29 PM,13 min,3,602,pi+,71 (modified),40,30558,7,-233,90(88.2),30,30,0.02,Not working,0.9,29,ZLG,"CN, ZLG, GV",tracker beam profile looks identical to pions. THIS IS 40 GEV PION BEAM. Beam file 71 was mistakenly modified to have the same setting as 93. ,,,,
2019,Jun 28,11:31 PM,11:44 PM,13 min,3,551,pi+,71 (modified),40,30421,-13,-233,90(88.2),30,30,0.02,Not working,0.9,29,ZLG,"CN, ZLG, GV",tracker beam profile looks identical to pions.  THIS IS 40 GEV PION BEAM. Beam file 71 was mistakenly modified to have the same setting as 93. ,,,,
2020,Jun 28,11:46 PM,11:59 PM,13 min,3,570,pi+,71 (modified),40,31190,-33,-233,90(88.2),30,30,0.02,Not working,0.9,29,ZLG,"CN, ZLG, GV",tracker beam profile looks identical to pions.  THIS IS 40 GEV PION BEAM. Beam file 71 was mistakenly modified to have the same setting as 93. ,,,,
2021,Jun 29,0:03,0:14,11 min,3,578,pi+,71 (modified),40,30282,-53,-233,90(88.2),30,30,0.02,Not working,0.9,29,WJ,"WJ, AS, MP",tracker beam profile looks identical to pions.  THIS IS 40 GEV PION BEAM. Beam file 71 was mistakenly modified to have the same setting as 93. ,,,,
2022,Jun 29,0:17,0:30,13 min,3,578,pi+,71 (modified),40,30559,-73,-233,90(88.2),30,30,0.02,Not working,0.9,29,WJ,"WJ, AS, MP",tracker beam profile looks identical to pions.  THIS IS 40 GEV PION BEAM. Beam file 71 was mistakenly modified to have the same setting as 93. ,,,,
2023,Jun 29,0:35,0:48,13 min,3,570,pi+,93,40,30247,-73,-233,90(88.2),29,29,0.02,Not working,0.9,29,WJ,"WJ, AS, MP",,,,,
2024,Jun 29,0:52,1:10,18 min,3,570,pi+,71 (modified),40,40000,-93,-233,90(88.2),29,29,0.02,Not working,0.9,29,WJ,"WJ, AS, MP",tracker beam profile looks identical to pions.  THIS IS 40 GEV PION BEAM. Beam file 71 was mistakenly modified to have the same setting as 93. ,,,,
2025,Jun 29,1:14,1:27,13 min,3,573,pi+,71 (modified),40,31695,-113,-233,90(88.2),29,29,0.02,Not working,0.9,29,WJ,"WJ, AS, MP",tracker beam profile looks identical to pions.  THIS IS 40 GEV PION BEAM. Beam file 71 was mistakenly modified to have the same setting as 93. ,,,,
2026,Jun 29,1:39,1:53,14 min,3,555,e+,73,60,34007,-133,-233,90(88.2),29,29,0.02,Not working,0.9,29,WJ,"WJ, AS, MP",,,,,
2027,Jun 29,1:58,2:12,14 min,3,560,e+,73,60,31327,-153,-233,90(88.2),29,29,0.02,Not working,0.9,29,WJ,"WJ, AS, MP",,,,,
2028,Jun 29,2:19,2:34,15 min,3,605,pi+,94,60,33304,-153,-233,90(88.2),29,29,0.02,Not working,1.78,29,WJ,"WJ, AS, MP",The CC pressure in the previous runs were not changed to the desired values. Changed to 60 GeV setings from this run.,,,,
2029,Jun 29,2:37,2:51,14 min,3,550,e+,73,60,30066,-173,-233,90(88.2),29,29,0.02,Not working,1.78,29,WJ,"WJ, AS, MP",,,,,
2030,Jun 29,2:53,3:10,17 min,3,556,e+,73,60,33457,-193,-233,90(88.2),29,29,0.02,Not working,1.78,29,WJ,"WJ, AS, MP",,,,,
2031,Jun 29,3:13,3:26,13 min,3,556,e+,73,60,30181,-213,-233,90(88.2),29,29,0.02,Not working,1.78,29,WJ,"WJ, AS, MP",,,,,
2032,Jun 29,3:31,3:47,16 min,3,560,e+,73,60,35673,-233,-233,90(88.2),29,29,0.02,Not working,1.78,29,WJ,"WJ, AS, MP",,,,,
2033,Jun 29,3:53,4:05,17 min,3,560,pi+,94,60,30451,-233,-233,90(88.2),29,29,0.02,Not working,1.78,29,AS,"WJ, AS, MP",,,,,
2034,Jun 29,4:10,4:23,13 min,3,560,e+,73,60,30453,-253,-233,90(88.2),29,29,0.02,Not working,1.78,29,AS,"WJ, AS, MP",,,,,
2035,Jun 29,4:27,4:42,15 min,3,560,e+,73,60,36038,-273,-233,90(88.2),29,29,0.02,Not working,1.78,29,AS,"WJ, AS, MP",,,,,
2036,Jun 29,4:50,5:03,13 min,3,560,e+,73,60,30366,-295,-233,90(88.2),29,29,0.02,Not working,1.78,29,AS,"WJ, AS, MP",,,,,
2037,Jun 29,5:08,5:22,14 min,3,560,e+,73,60,30105,-113,-233,90(88.2),29,29,0.02,Not working,1.78,29,AS,"WJ, AS, MP",going back and taking runs with no positron runs due to the issue with beam profile,,,,
2038,Jun 29,5:31,5:44,13 min,3,560,e+,73,60,30579,-93,-233,90(88.2),29,29,0.02,Not working,1.78,29,AS,"WJ, AS, MP",,,,,
2039,Jun 29,5:51,6:05,14 min,3,560,e+,73,60,30248,-73,-233,90(88.2),29,29,0.02,Not working,1.78,29,AS,"WJ, AS, MP",,,,,
2040,Jun 29,5:51,6:05,14 min,3,560,e+,73,60,30008,-53,-233,90(88.2),29,29,0.02,Not working,1.78,29,AS,"WJ, AS, MP",,,,,
2041,Jun 29,6:15,6:29,14 min,3,560,mu+,104,120,30077,107,-233,90(88.2),29,29,0.02,Not working,1.78,29,AS,"WJ, AS, MP",using muons for 90 deg ,,,,
2042,Jun 29,6:33,6:47,14 min,3,560,e+,73,60,30174,107,-233,90(88.2),29,29,0.02,Not working,1.78,29,AS,"WJ, AS, MP",,,,,
2043,Jun 29,6:50,7:00,10 min,3,445,mu+,104,120,17635,-273,-233,90(88.2),29,29,0.02,Not working,1.78,29,AS,"WJ, AS, MP",Last run :) finished w 90 deg muons,,,,
